{
  "name": "DeckTune",
  "author": "DeckTune Team",
  "version": "3.1.6",
  "api_version": 1,
  "flags": ["root"],
  "publish": {
    "tags": [
      "root",
      "undervolt",
      "autotune",
      "performance",
      "temperature",
      "ryzenadj",
      "curve optimizer",
      "battery-saving",
      "safety",
      "stress-test",
      "dynamic-mode",
      "rust"
    ],
    "description": "Automated undervolting and tuning solution for Steam Deck with safety features, autotune, dynamic mode (gymdeck3), and stress testing.",
    "image": "https://raw.githubusercontent.com/bobberdolle1/DeckTune/main/assets/preview.jpg"
  }
}
